<?xml version='1.0' encoding='UTF-8'?>
<deployment-plan xmlns="http://xmlns.oracle.com/weblogic/deployment-plan" xmlns:xsi="http://www.w3.org/2001/XMLSchema-instance" xsi:schemaLocation="http://xmlns.oracle.com/weblogic/deployment-plan http://xmlns.oracle.com/weblogic/deployment-plan/1.0/deployment-plan.xsd" global-variables="false">
  <application-name>TestDataSource.war</application-name>
  <variable-definition>
    <variable>
      <name>ResourceDescription_jdbc/ds_ResourceLink_13500337798680</name>
      <value xsi:nil="true"></value>
    </variable>
    <variable>
      <name>ResourceDescription_jdbc/ds_JNDIName_13500337798691</name>
      <value>SessionDS</value>
    </variable>
    <variable>
      <name>WeblogicWebApp_JspDescriptors_13500337798692</name>
      <value xsi:nil="true"></value>
    </variable>
    <variable>
      <name>WeblogicWebApp_ContextRoots_13500337798693</name>
      <value>DSDemo</value>
    </variable>
    <variable>
      <name>WeblogicWebApp_WlDispatchPolicies_13500337798704</name>
      <value xsi:nil="true"></value>
    </variable>
    <variable>
      <name>WeblogicWebApp_ContainerDescriptors_13500337798705</name>
      <value xsi:nil="true"></value>
    </variable>
    <variable>
      <name>WeblogicWebApp_WorkManagers_13500337798706</name>
      <value xsi:nil="true"></value>
    </variable>
    <variable>
      <name>WeblogicWebApp_SessionDescriptors_13500337798707</name>
      <value xsi:nil="true"></value>
    </variable>
    <variable>
      <name>ServletDescriptor_EmpInfo_RunAsPrincipalName_13500337798708</name>
      <value xsi:nil="true"></value>
    </variable>
    <variable>
      <name>ServletDescriptor_EmpInfo_DispatchPolicy_13500337798709</name>
      <value xsi:nil="true"></value>
    </variable>
    <variable>
      <name>ServletDescriptor_EmpInfo_InitAsPrincipalName_135003377987110</name>
      <value xsi:nil="true"></value>
    </variable>
    <variable>
      <name>ServletDescriptor_EmpInfo_DestroyAsPrincipalName_135003377987111</name>
      <value xsi:nil="true"></value>
    </variable>
    <variable>
      <name>WLDFInstrumentation_null_Includes_135003377987612</name>
      <value xsi:nil="true"></value>
    </variable>
    <variable>
      <name>WLDFInstrumentation_null_Enabled_135003377987713</name>
      <value xsi:nil="true"></value>
    </variable>
    <variable>
      <name>WLDFInstrumentation_null_WLDFInstrumentationMonitors_135003377987714</name>
      <value xsi:nil="true"></value>
    </variable>
    <variable>
      <name>WLDFInstrumentation_null_Excludes_135003377987715</name>
      <value xsi:nil="true"></value>
    </variable>
    <variable>
      <name>WLDFHarvester_null_Enabled_135003377987716</name>
      <value xsi:nil="true"></value>
    </variable>
    <variable>
      <name>WLDFHarvester_null_HarvestedTypes_135003377987717</name>
      <value xsi:nil="true"></value>
    </variable>
    <variable>
      <name>WLDFHarvester_null_SamplePeriod_135003377987718</name>
      <value xsi:nil="true"></value>
    </variable>
    <variable>
      <name>WLDFWatchNotification_null_Enabled_135003377987819</name>
      <value xsi:nil="true"></value>
    </variable>
    <variable>
      <name>WLDFWatchNotification_null_Severity_135003377987820</name>
      <value xsi:nil="true"></value>
    </variable>
    <variable>
      <name>WLDFWatchNotification_null_SMTPNotifications_135003377987821</name>
      <value xsi:nil="true"></value>
    </variable>
    <variable>
      <name>WLDFWatchNotification_null_Watches_135003377987822</name>
      <value xsi:nil="true"></value>
    </variable>
    <variable>
      <name>WLDFWatchNotification_null_SNMPNotifications_135003377987823</name>
      <value xsi:nil="true"></value>
    </variable>
    <variable>
      <name>WLDFWatchNotification_null_JMSNotifications_135003377987824</name>
      <value xsi:nil="true"></value>
    </variable>
    <variable>
      <name>WLDFWatchNotification_null_ImageNotifications_135003377987825</name>
      <value xsi:nil="true"></value>
    </variable>
    <variable>
      <name>WLDFWatchNotification_null_LogWatchSeverity_135003377987926</name>
      <value xsi:nil="true"></value>
    </variable>
    <variable>
      <name>WLDFWatchNotification_null_JMXNotifications_135003377987927</name>
      <value xsi:nil="true"></value>
    </variable>
  </variable-definition>
  <module-override>
    <module-name>TestDataSource.war</module-name>
    <module-type>war</module-type>
    <module-descriptor external="true">
      <root-element>weblogic-web-app</root-element>
      <uri>WEB-INF/weblogic.xml</uri>
      <variable-assignment>
        <name>ResourceDescription_jdbc/ds_ResourceLink_13500337798680</name>
        <xpath>/weblogic-web-app/resource-description/[res-ref-name="jdbc/ds"]/resource-link</xpath>
      </variable-assignment>
      <variable-assignment>
        <name>ResourceDescription_jdbc/ds_JNDIName_13500337798691</name>
        <xpath>/weblogic-web-app/resource-description/[res-ref-name="jdbc/ds"]/jndi-name</xpath>
		<operation>add</operation>
      </variable-assignment>
      <variable-assignment>
        <name>WeblogicWebApp_JspDescriptors_13500337798692</name>
        <xpath>/weblogic-web-app/jsp-descriptor</xpath>
      </variable-assignment>
      <variable-assignment>
        <name>WeblogicWebApp_ContextRoots_13500337798693</name>
        <xpath>/weblogic-web-app/context-root</xpath>
		<operation>replace</operation>
      </variable-assignment>
      <variable-assignment>
        <name>WeblogicWebApp_WlDispatchPolicies_13500337798704</name>
        <xpath>/weblogic-web-app/wl-dispatch-policy</xpath>
      </variable-assignment>
      <variable-assignment>
        <name>WeblogicWebApp_ContainerDescriptors_13500337798705</name>
        <xpath>/weblogic-web-app/container-descriptor</xpath>
      </variable-assignment>
      <variable-assignment>
        <name>WeblogicWebApp_WorkManagers_13500337798706</name>
        <xpath>/weblogic-web-app/work-manager</xpath>
      </variable-assignment>
      <variable-assignment>
        <name>WeblogicWebApp_SessionDescriptors_13500337798707</name>
        <xpath>/weblogic-web-app/session-descriptor</xpath>
      </variable-assignment>
      <variable-assignment>
        <name>ServletDescriptor_EmpInfo_RunAsPrincipalName_13500337798708</name>
        <xpath>/weblogic-web-app/servlet-descriptor/[servlet-name="EmpInfo"]/run-as-principal-name</xpath>
      </variable-assignment>
      <variable-assignment>
        <name>ServletDescriptor_EmpInfo_DispatchPolicy_13500337798709</name>
        <xpath>/weblogic-web-app/servlet-descriptor/[servlet-name="EmpInfo"]/dispatch-policy</xpath>
      </variable-assignment>
      <variable-assignment>
        <name>ServletDescriptor_EmpInfo_InitAsPrincipalName_135003377987110</name>
        <xpath>/weblogic-web-app/servlet-descriptor/[servlet-name="EmpInfo"]/init-as-principal-name</xpath>
      </variable-assignment>
      <variable-assignment>
        <name>ServletDescriptor_EmpInfo_DestroyAsPrincipalName_135003377987111</name>
        <xpath>/weblogic-web-app/servlet-descriptor/[servlet-name="EmpInfo"]/destroy-as-principal-name</xpath>
      </variable-assignment>
      <hash-code>1350033779883</hash-code>
    </module-descriptor>
    <module-descriptor external="false">
      <root-element>web-app</root-element>
      <uri>WEB-INF/web.xml</uri>
    </module-descriptor>
    <module-descriptor external="true">
      <root-element>wldf-resource</root-element>
      <uri>META-INF/weblogic-diagnostics.xml</uri>
      <variable-assignment>
        <name>WLDFInstrumentation_null_Includes_135003377987612</name>
        <xpath>/wldf-resource/instrumentation/include</xpath>
      </variable-assignment>
      <variable-assignment>
        <name>WLDFInstrumentation_null_Enabled_135003377987713</name>
        <xpath>/wldf-resource/instrumentation/enabled</xpath>
      </variable-assignment>
      <variable-assignment>
        <name>WLDFInstrumentation_null_WLDFInstrumentationMonitors_135003377987714</name>
        <xpath>/wldf-resource/instrumentation/wldf-instrumentation-monitor</xpath>
      </variable-assignment>
      <variable-assignment>
        <name>WLDFInstrumentation_null_Excludes_135003377987715</name>
        <xpath>/wldf-resource/instrumentation/exclude</xpath>
      </variable-assignment>
      <variable-assignment>
        <name>WLDFHarvester_null_Enabled_135003377987716</name>
        <xpath>/wldf-resource/harvester/enabled</xpath>
      </variable-assignment>
      <variable-assignment>
        <name>WLDFHarvester_null_HarvestedTypes_135003377987717</name>
        <xpath>/wldf-resource/harvester/harvested-type</xpath>
      </variable-assignment>
      <variable-assignment>
        <name>WLDFHarvester_null_SamplePeriod_135003377987718</name>
        <xpath>/wldf-resource/harvester/sample-period</xpath>
      </variable-assignment>
      <variable-assignment>
        <name>WLDFWatchNotification_null_Enabled_135003377987819</name>
        <xpath>/wldf-resource/watch-notification/enabled</xpath>
      </variable-assignment>
      <variable-assignment>
        <name>WLDFWatchNotification_null_Severity_135003377987820</name>
        <xpath>/wldf-resource/watch-notification/severity</xpath>
      </variable-assignment>
      <variable-assignment>
        <name>WLDFWatchNotification_null_SMTPNotifications_135003377987821</name>
        <xpath>/wldf-resource/watch-notification/smtp-notification</xpath>
      </variable-assignment>
      <variable-assignment>
        <name>WLDFWatchNotification_null_Watches_135003377987822</name>
        <xpath>/wldf-resource/watch-notification/watche</xpath>
      </variable-assignment>
      <variable-assignment>
        <name>WLDFWatchNotification_null_SNMPNotifications_135003377987823</name>
        <xpath>/wldf-resource/watch-notification/snmp-notification</xpath>
      </variable-assignment>
      <variable-assignment>
        <name>WLDFWatchNotification_null_JMSNotifications_135003377987824</name>
        <xpath>/wldf-resource/watch-notification/jms-notification</xpath>
      </variable-assignment>
      <variable-assignment>
        <name>WLDFWatchNotification_null_ImageNotifications_135003377987825</name>
        <xpath>/wldf-resource/watch-notification/image-notification</xpath>
      </variable-assignment>
      <variable-assignment>
        <name>WLDFWatchNotification_null_LogWatchSeverity_135003377987926</name>
        <xpath>/wldf-resource/watch-notification/log-watch-severity</xpath>
      </variable-assignment>
      <variable-assignment>
        <name>WLDFWatchNotification_null_JMXNotifications_135003377987927</name>
        <xpath>/wldf-resource/watch-notification/jmx-notification</xpath>
      </variable-assignment>
    </module-descriptor>
  </module-override>
  <config-root>C:\Users\shantanu\AppData\Local\Temp\shantanu\.\config\deployments\TestDataSource.war\plan</config-root>
</deployment-plan>
