<?xml version='1.0' encoding='UTF-8'?>
<weblogic-web-app xmlns="http://www.bea.com/ns/weblogic/weblogic-web-app" xmlns:xsi="http://www.w3.org/2001/XMLSchema-instance" xsi:schemaLocation="http://www.bea.com/ns/weblogic/weblogic-web-app http://www.bea.com/ns/weblogic/weblogic-web-app/1.0/weblogic-web-app.xsd">
<session-descriptor>
<persistent-store-type>jdbc</persistent-store-type>
<persistent-store-pool>SessionDS</persistent-store-pool>
<persistent-store-table>WL_SERVLET_SESSIONS</persistent-store-table>
</session-descriptor>
</weblogic-web-app>
